-- MySQL dump 10.13  Distrib 8.0.27, for macos11 (x86_64)
--
-- Host: localhost    Database: qtar
-- ------------------------------------------------------
-- Server version	8.0.27

/*!40101 SET @OLD_CHARACTER_SET_CLIENT=@@CHARACTER_SET_CLIENT */;
/*!40101 SET @OLD_CHARACTER_SET_RESULTS=@@CHARACTER_SET_RESULTS */;
/*!40101 SET @OLD_COLLATION_CONNECTION=@@COLLATION_CONNECTION */;
/*!50503 SET NAMES utf8 */;
/*!40103 SET @OLD_TIME_ZONE=@@TIME_ZONE */;
/*!40103 SET TIME_ZONE='+00:00' */;
/*!40014 SET @OLD_UNIQUE_CHECKS=@@UNIQUE_CHECKS, UNIQUE_CHECKS=0 */;
/*!40014 SET @OLD_FOREIGN_KEY_CHECKS=@@FOREIGN_KEY_CHECKS, FOREIGN_KEY_CHECKS=0 */;
/*!40101 SET @OLD_SQL_MODE=@@SQL_MODE, SQL_MODE='NO_AUTO_VALUE_ON_ZERO' */;
/*!40111 SET @OLD_SQL_NOTES=@@SQL_NOTES, SQL_NOTES=0 */;

--
-- Table structure for table `attendances`
--

DROP TABLE IF EXISTS `attendances`;
/*!40101 SET @saved_cs_client     = @@character_set_client */;
/*!50503 SET character_set_client = utf8mb4 */;
CREATE TABLE `attendances` (
  `attendanceId` int NOT NULL AUTO_INCREMENT,
  `matchId` int NOT NULL,
  `attendance` int NOT NULL,
  `insertDate` datetime DEFAULT CURRENT_TIMESTAMP,
  PRIMARY KEY (`attendanceId`)
) ENGINE=InnoDB AUTO_INCREMENT=45 DEFAULT CHARSET=utf8mb4 COLLATE=utf8mb4_0900_ai_ci;
/*!40101 SET character_set_client = @saved_cs_client */;

--
-- Dumping data for table `attendances`
--

LOCK TABLES `attendances` WRITE;
/*!40000 ALTER TABLE `attendances` DISABLE KEYS */;
INSERT INTO `attendances` VALUES (1,1,67372,'2022-12-01 00:02:00'),(2,2,41721,'2022-12-01 00:02:00'),(3,3,45334,'2022-12-01 00:02:00'),(4,4,43418,'2022-12-01 00:02:00'),(5,5,40875,'2022-12-01 00:02:00'),(6,6,42925,'2022-12-01 00:02:00'),(7,7,39369,'2022-12-01 00:02:00'),(8,8,88012,'2022-12-01 00:02:00'),(9,9,40432,'2022-12-01 00:02:00'),(10,10,40013,'2022-12-01 00:02:00'),(11,11,42608,'2022-12-01 00:02:00'),(12,12,59407,'2022-12-01 00:02:00'),(13,13,39089,'2022-12-01 00:02:00'),(14,14,41663,'2022-12-01 00:02:00'),(15,15,42662,'2022-12-01 00:02:00'),(16,16,88103,'2022-12-01 00:02:00'),(17,17,40875,'2022-12-01 00:02:00'),(18,18,41797,'2022-12-01 00:02:00'),(19,19,44833,'2022-12-01 00:02:00'),(20,20,68463,'2022-12-01 00:02:00'),(21,21,41823,'2022-12-01 00:02:00'),(22,22,44259,'2022-12-01 00:02:00'),(23,23,42860,'2022-12-01 00:02:00'),(24,24,88966,'2022-12-01 00:02:00'),(25,25,41479,'2022-12-01 00:02:00'),(26,26,43738,'2022-12-01 00:02:00'),(27,27,44374,'2022-12-01 00:02:00'),(28,28,68895,'2022-12-01 00:02:00'),(29,29,39789,'2022-12-01 00:02:00'),(30,30,43983,'2022-12-01 00:02:00'),(31,31,43649,'2022-12-01 00:02:00'),(32,32,88668,'2022-12-01 00:02:00'),(33,33,44297,'2022-12-01 00:02:00'),(34,34,42127,'2022-12-01 00:02:00'),(35,35,44569,'2022-12-01 00:02:00'),(36,36,66784,'2022-12-01 00:02:00'),(37,37,41232,'2022-12-01 00:02:00'),(38,38,43627,'2022-12-01 00:02:00'),(39,39,44089,'2022-12-01 00:02:00'),(40,40,89985,'2022-12-01 00:02:00'),(41,41,43984,'2022-12-01 20:28:53'),(42,42,43102,'2022-12-01 20:28:54'),(43,43,44851,'2022-12-01 20:28:54'),(44,44,67054,'2022-12-01 20:28:54');
/*!40000 ALTER TABLE `attendances` ENABLE KEYS */;
UNLOCK TABLES;

--
-- Table structure for table `groups`
--

DROP TABLE IF EXISTS `groups`;
/*!40101 SET @saved_cs_client     = @@character_set_client */;
/*!50503 SET character_set_client = utf8mb4 */;
CREATE TABLE `groups` (
  `groupId` int unsigned NOT NULL AUTO_INCREMENT,
  `group` varchar(2) NOT NULL,
  `teamId` int NOT NULL,
  `insertDate` datetime DEFAULT CURRENT_TIMESTAMP,
  PRIMARY KEY (`groupId`)
) ENGINE=InnoDB AUTO_INCREMENT=33 DEFAULT CHARSET=utf8mb4 COLLATE=utf8mb4_0900_ai_ci;
/*!40101 SET character_set_client = @saved_cs_client */;

--
-- Dumping data for table `groups`
--

LOCK TABLES `groups` WRITE;
/*!40000 ALTER TABLE `groups` DISABLE KEYS */;
INSERT INTO `groups` VALUES (1,'A1',19,'2022-11-23 20:46:23'),(2,'A2',20,'2022-11-23 20:46:23'),(3,'A3',21,'2022-11-23 20:46:23'),(4,'A4',22,'2022-11-23 20:46:23'),(5,'B1',23,'2022-11-23 20:46:23'),(6,'B2',24,'2022-11-23 20:46:23'),(7,'B3',25,'2022-11-23 20:46:23'),(8,'B4',26,'2022-11-23 20:46:23'),(9,'C1',27,'2022-11-23 20:46:23'),(10,'C2',28,'2022-11-23 20:46:23'),(11,'C3',29,'2022-11-23 20:46:23'),(12,'C4',30,'2022-11-23 20:46:23'),(13,'D1',31,'2022-11-23 20:46:23'),(14,'D2',32,'2022-11-23 20:46:23'),(15,'D3',33,'2022-11-23 20:46:23'),(16,'D4',34,'2022-11-23 20:46:23'),(17,'E1',35,'2022-11-23 20:46:23'),(18,'E2',36,'2022-11-23 20:46:23'),(19,'E3',37,'2022-11-23 20:46:23'),(20,'E4',38,'2022-11-23 20:46:23'),(21,'F1',39,'2022-11-23 20:46:23'),(22,'F2',40,'2022-11-23 20:46:23'),(23,'F3',41,'2022-11-23 20:46:23'),(24,'F4',42,'2022-11-23 20:46:23'),(25,'G1',43,'2022-11-23 20:46:23'),(26,'G2',44,'2022-11-23 20:46:23'),(27,'G3',45,'2022-11-23 20:46:23'),(28,'G4',46,'2022-11-23 20:46:23'),(29,'H1',47,'2022-11-23 20:46:23'),(30,'H2',48,'2022-11-23 20:46:23'),(31,'H3',49,'2022-11-23 20:46:23'),(32,'H4',50,'2022-11-23 20:46:23');
/*!40000 ALTER TABLE `groups` ENABLE KEYS */;
UNLOCK TABLES;

--
-- Table structure for table `matches`
--

DROP TABLE IF EXISTS `matches`;
/*!40101 SET @saved_cs_client     = @@character_set_client */;
/*!50503 SET character_set_client = utf8mb4 */;
CREATE TABLE `matches` (
  `matchId` int NOT NULL AUTO_INCREMENT,
  `stadiumId` int NOT NULL,
  `localTeamId` int NOT NULL,
  `visitorTeamId` int NOT NULL,
  `matchNo` int NOT NULL,
  `weekNo` int NOT NULL,
  `phase` int DEFAULT NULL,
  `date` date DEFAULT NULL,
  `insertDate` datetime DEFAULT CURRENT_TIMESTAMP,
  PRIMARY KEY (`matchId`)
) ENGINE=InnoDB AUTO_INCREMENT=55 DEFAULT CHARSET=utf8mb4 COLLATE=utf8mb4_0900_ai_ci;
/*!40101 SET character_set_client = @saved_cs_client */;

--
-- Dumping data for table `matches`
--

LOCK TABLES `matches` WRITE;
/*!40000 ALTER TABLE `matches` DISABLE KEYS */;
INSERT INTO `matches` VALUES (1,18,19,20,1,1,1,'2022-11-20','2022-11-24 00:17:24'),(2,20,21,22,2,1,1,'2022-11-21','2022-11-24 00:17:25'),(3,19,23,24,3,1,1,'2022-11-21','2022-11-24 00:17:25'),(4,21,25,26,4,1,1,'2022-11-21','2022-11-24 00:17:25'),(5,22,31,34,5,1,1,'2022-11-22','2022-11-24 00:17:25'),(6,24,32,33,6,1,1,'2022-11-22','2022-11-24 00:17:25'),(7,23,29,30,7,1,1,'2022-11-22','2022-11-24 00:17:25'),(8,25,27,28,8,1,1,'2022-11-22','2022-11-24 00:17:25'),(9,21,39,40,9,1,1,'2022-11-23','2022-11-24 00:17:25'),(10,20,35,38,10,1,1,'2022-11-23','2022-11-24 00:17:25'),(11,19,36,37,11,1,1,'2022-11-23','2022-11-24 00:17:25'),(12,18,41,42,12,1,1,'2022-11-23','2022-11-24 00:17:25'),(13,25,45,46,13,1,1,'2022-11-24','2022-11-24 00:17:25'),(14,24,49,50,14,1,1,'2022-11-24','2022-11-24 00:17:25'),(15,23,47,48,15,1,1,'2022-11-24','2022-11-24 00:17:25'),(16,22,43,44,16,1,1,'2022-11-24','2022-11-24 00:17:25'),(17,21,26,24,17,1,1,'2022-11-25','2022-11-24 13:26:14'),(18,20,19,21,18,1,1,'2022-11-25','2022-11-24 13:26:15'),(19,19,22,20,19,1,1,'2022-11-25','2022-11-24 13:26:15'),(20,18,23,25,20,1,1,'2022-11-25','2022-11-24 13:26:15'),(21,25,33,34,21,2,1,'2022-11-26','2022-11-24 13:26:15'),(22,24,30,28,22,2,1,'2022-11-26','2022-11-24 13:26:15'),(23,23,31,32,23,2,1,'2022-11-26','2022-11-24 13:26:15'),(24,22,27,29,24,2,1,'2022-11-26','2022-11-24 13:26:15'),(25,21,37,38,25,2,1,'2022-11-27','2022-11-24 13:26:15'),(26,20,39,41,26,2,1,'2022-11-27','2022-11-24 13:26:15'),(27,19,42,40,27,2,1,'2022-11-27','2022-11-24 13:26:15'),(28,18,35,36,28,2,1,'2022-11-27','2022-11-24 13:26:15'),(29,25,46,44,29,2,1,'2022-11-28','2022-11-24 13:26:15'),(30,24,50,48,30,2,1,'2022-11-28','2022-11-24 13:26:15'),(31,23,43,45,31,2,1,'2022-11-28','2022-11-24 13:26:15'),(32,22,47,49,32,2,1,'2022-11-28','2022-11-24 13:26:15'),(33,21,26,23,33,2,1,'2022-11-29','2022-11-24 13:26:15'),(34,20,24,25,34,2,1,'2022-11-29','2022-11-24 13:26:15'),(35,19,20,21,35,2,1,'2022-11-29','2022-11-24 13:26:15'),(36,18,22,19,36,2,1,'2022-11-29','2022-11-24 13:26:15'),(37,25,34,32,37,2,1,'2022-11-30','2022-11-24 13:26:15'),(38,24,33,31,38,2,1,'2022-11-30','2022-11-24 13:26:15'),(39,23,30,27,39,2,1,'2022-11-30','2022-11-24 13:26:15'),(40,22,28,29,40,2,1,'2022-11-30','2022-11-24 13:26:15'),(41,21,42,39,41,2,1,'2022-12-01','2022-11-24 13:26:15'),(42,20,40,41,42,2,1,'2022-12-01','2022-11-24 13:26:15'),(43,19,37,35,43,2,1,'2022-12-01','2022-11-24 13:26:15'),(44,18,38,36,44,2,1,'2022-12-01','2022-11-24 13:26:15'),(45,25,48,49,45,2,1,'2022-12-02','2022-11-24 13:26:15'),(46,24,50,47,46,2,1,'2022-12-02','2022-11-24 13:26:15'),(47,23,44,45,47,2,1,'2022-12-02','2022-11-24 13:26:15'),(48,22,46,43,48,2,1,'2022-12-02','2022-11-24 13:26:15'),(49,19,22,25,49,2,2,'2022-12-03','2022-12-03 00:51:58'),(50,20,31,30,51,2,2,'2022-12-04','2022-12-03 00:51:58'),(51,21,27,34,50,2,2,'2022-12-03','2022-12-03 00:51:58'),(52,18,23,21,52,2,2,'2022-12-04','2022-12-03 00:51:58'),(53,25,37,42,53,3,2,'2022-12-05','2022-12-03 00:51:58'),(54,23,43,50,54,3,2,'2022-12-05','2022-12-03 00:51:58');
/*!40000 ALTER TABLE `matches` ENABLE KEYS */;
UNLOCK TABLES;

--
-- Table structure for table `phases`
--

DROP TABLE IF EXISTS `phases`;
/*!40101 SET @saved_cs_client     = @@character_set_client */;
/*!50503 SET character_set_client = utf8mb4 */;
CREATE TABLE `phases` (
  `phase_id` int unsigned NOT NULL AUTO_INCREMENT,
  `phase` varchar(30) DEFAULT NULL,
  `insert_date` datetime DEFAULT NULL,
  PRIMARY KEY (`phase_id`),
  UNIQUE KEY `phase` (`phase`)
) ENGINE=InnoDB AUTO_INCREMENT=7 DEFAULT CHARSET=utf8mb4 COLLATE=utf8mb4_0900_ai_ci;
/*!40101 SET character_set_client = @saved_cs_client */;

--
-- Dumping data for table `phases`
--

LOCK TABLES `phases` WRITE;
/*!40000 ALTER TABLE `phases` DISABLE KEYS */;
INSERT INTO `phases` VALUES (1,'group matches','2022-10-23 22:48:31'),(2,'round of 16','2022-10-23 22:48:31'),(3,'quarters-finals','2022-10-23 22:48:31'),(4,'semi-finals','2022-10-23 22:48:31'),(5,'3rd place','2022-10-23 22:48:31'),(6,'final','2022-10-23 22:48:31');
/*!40000 ALTER TABLE `phases` ENABLE KEYS */;
UNLOCK TABLES;

--
-- Table structure for table `players`
--

DROP TABLE IF EXISTS `players`;
/*!40101 SET @saved_cs_client     = @@character_set_client */;
/*!50503 SET character_set_client = utf8mb4 */;
CREATE TABLE `players` (
  `playerId` int NOT NULL AUTO_INCREMENT,
  `pname` varchar(30) DEFAULT NULL,
  `lastName` varchar(30) DEFAULT NULL,
  `teamId` int NOT NULL,
  `positionId` int NOT NULL,
  `insertDate` datetime DEFAULT CURRENT_TIMESTAMP,
  PRIMARY KEY (`playerId`)
) ENGINE=InnoDB AUTO_INCREMENT=520 DEFAULT CHARSET=utf8mb4 COLLATE=utf8mb4_0900_ai_ci;
/*!40101 SET character_set_client = @saved_cs_client */;

--
-- Dumping data for table `players`
--

LOCK TABLES `players` WRITE;
/*!40000 ALTER TABLE `players` DISABLE KEYS */;
INSERT INTO `players` VALUES (1,'Alfredo','TALAVERA',29,1,'2022-11-28 19:19:21'),(2,'Rodolfo','COTA',29,1,'2022-11-28 19:19:22'),(3,'Guillermo','OCHOA',29,1,'2022-11-28 19:19:22'),(4,'Nestor','ARAUJO',29,2,'2022-11-28 19:19:22'),(5,'Cesar','MONTES',29,2,'2022-11-28 19:19:22'),(6,'Edson','ALVAREZ',29,2,'2022-11-28 19:19:22'),(7,'Johan','VASQUEZ',29,2,'2022-11-28 19:19:22'),(8,'Gerardo','ARTEAGA',29,2,'2022-11-28 19:19:22'),(9,'Hector','MORENO',29,2,'2022-11-28 19:19:22'),(10,'Jorge','SANCHEZ',29,2,'2022-11-28 19:19:22'),(11,'Jesus','GALLARDO',29,2,'2022-11-28 19:19:22'),(12,'Kevin','ALVAREZ',29,2,'2022-11-28 19:19:22'),(13,'Luis','ROMO',29,3,'2022-11-28 19:19:22'),(14,'Carlos','RODRIGUEZ',29,3,'2022-11-28 19:19:22'),(15,'Erick','GUTIERREZ',29,3,'2022-11-28 19:19:22'),(16,'Hector','HERRERA',29,3,'2022-11-28 19:19:22'),(17,'Andres','GUARDADO',29,3,'2022-11-28 19:19:22'),(18,'Luis','CHAVEZ',29,3,'2022-11-28 19:19:22'),(19,'Raul','JIMENEZ',29,4,'2022-11-28 19:19:22'),(20,'Alexis','VEGA',29,4,'2022-11-28 19:19:22'),(21,'Rogelio-Gabriel','Funes-Mori',29,4,'2022-11-28 19:19:22'),(22,'Orbelin','PINEDA',29,4,'2022-11-28 19:19:22'),(23,'Henry','MARTIN',29,4,'2022-11-28 19:19:22'),(24,'Uriel','ANTUNA',29,4,'2022-11-28 19:19:22'),(25,'Hirving','LOZANO',29,4,'2022-11-28 19:19:22'),(26,'Roberto','ALVARADO',29,4,'2022-11-28 19:19:22'),(27,'Franco','ARMANI',27,1,'2022-11-28 19:42:40'),(28,'Geronimo','RULLI',27,1,'2022-11-28 19:42:40'),(29,'Damian','MARTINEZ',27,1,'2022-11-28 19:42:40'),(30,'Juan','FOYTH',27,2,'2022-11-28 19:42:40'),(31,'Nicolas','TAGLIAFICO',27,2,'2022-11-28 19:42:40'),(32,'Gonzalo','MONTIEL',27,2,'2022-11-28 19:42:40'),(33,'German','PEZZELLA',27,2,'2022-11-28 19:42:40'),(34,'Cristian','ROMERO',27,2,'2022-11-28 19:42:40'),(35,'Nicolas','OTAMENDI',27,2,'2022-11-28 19:42:40'),(36,'Lisandro','MARTINEZ',27,2,'2022-11-28 19:42:40'),(37,'Nahuel','MOLINA',27,2,'2022-11-28 19:42:40'),(38,'Leandro','PAREDES',27,3,'2022-11-28 19:42:40'),(39,'Rodrigo','DE-PAUL',27,3,'2022-11-28 19:42:40'),(40,'Marcos','ACUNA',27,3,'2022-11-28 19:42:40'),(41,'Exequiel','PALACIOS',27,3,'2022-11-28 19:42:40'),(42,'Thiago','ALMADA',27,3,'2022-11-28 19:42:40'),(43,'Alejandro','GOMEZ',27,3,'2022-11-28 19:42:40'),(44,'RODRIGUEZ','GUIDO',27,3,'2022-11-28 19:42:40'),(45,'Alexis','MAC-ALLISTER',27,3,'2022-11-28 19:42:40'),(46,'Enzo','FERNANDEZ',27,3,'2022-11-28 19:42:40'),(47,'Julian','ALVAREZ',27,4,'2022-11-28 19:42:40'),(48,'Lionel','MESSI',27,4,'2022-11-28 19:42:40'),(49,'Angel','DI-MARIA',27,4,'2022-11-28 19:42:40'),(50,'Angel','CORREA',27,4,'2022-11-28 19:42:40'),(51,'Paulo','DYBALA',27,4,'2022-11-28 19:42:40'),(52,'Lautaro','MARTINEZ',27,4,'2022-11-28 19:42:40'),(53,'Mathew','RYAN',34,1,'2022-11-28 20:22:10'),(54,'Andrew','REDMAYNE',34,1,'2022-11-28 20:22:10'),(55,'Danny','VUKOVIC',34,1,'2022-11-28 20:22:10'),(56,'Milos','DEGENEK',34,2,'2022-11-28 20:22:10'),(57,'Nathaniel','ATKINSON',34,2,'2022-11-28 20:22:10'),(58,'Kye','ROWLES',34,2,'2022-11-28 20:22:10'),(59,'Fran','KARACIC',34,2,'2022-11-28 20:22:10'),(60,'Bailey','WRIGHT',34,2,'2022-11-28 20:22:10'),(61,'Aziz','BEHICH',34,2,'2022-11-28 20:22:10'),(62,'Harry','SOUTTAR',34,2,'2022-11-28 20:22:10'),(63,'Thomas','DENG',34,2,'2022-11-28 20:22:10'),(64,'Joel','KING',34,2,'2022-11-28 20:22:10'),(65,'Marco','TILIO',34,4,'2022-11-28 20:22:10'),(66,'Mathew','LECKIE',34,4,'2022-11-28 20:22:10'),(67,'Jamie','MacLAREN',34,4,'2022-11-28 20:22:10'),(68,'Awer','MABIL',34,4,'2022-11-28 20:22:10'),(69,'Mitch','DUKE',34,4,'2022-11-28 20:22:10'),(70,'Garang','KUOL',34,4,'2022-11-28 20:22:10'),(71,'Craig','GOODWIN',34,4,'2022-11-28 20:22:10'),(72,'Jason','CUMMINGS',34,4,'2022-11-28 20:22:10'),(73,'Ajdin','HRUSTIC',34,3,'2022-11-28 20:22:10'),(74,'Aaron','MOOY',34,3,'2022-11-28 20:22:10'),(75,'Riley','McGREE',34,3,'2022-11-28 20:22:10'),(76,'Cameron','DEVLIN',34,3,'2022-11-28 20:22:10'),(77,'Jackson','IRVINE',34,3,'2022-11-28 20:22:10'),(78,'Keanu','BACCUS',34,3,'2022-11-28 20:22:10'),(79,'Thibaut','COURTOIS',39,1,'2022-11-28 20:38:40'),(80,'Simon','MIGNOLET',39,1,'2022-11-28 20:38:40'),(81,'Koen','CASTEELS',39,1,'2022-11-28 20:38:40'),(82,'Toby','ALDERWEIRELD',39,2,'2022-11-28 20:38:40'),(83,'Arthur','THEATE',39,2,'2022-11-28 20:38:40'),(84,'Wout','FAES',39,2,'2022-11-28 20:38:40'),(85,'Jan','VERTONGHEN',39,2,'2022-11-28 20:38:40'),(86,'Leander','DENDONCKER',39,2,'2022-11-28 20:38:40'),(87,'Zeno','DEBAST',39,2,'2022-11-28 20:38:40'),(88,'Axel','WITSEL',39,3,'2022-11-28 20:38:40'),(89,'Kevin','DE-BRUYNE',39,3,'2022-11-28 20:38:40'),(90,'Youri','TIELEMANS',39,3,'2022-11-28 20:38:40'),(91,'Thomas','MEUNIER',39,3,'2022-11-28 20:38:40'),(92,'Thorgan','HAZARD',39,3,'2022-11-28 20:38:40'),(93,'Amadou','ONANA',39,3,'2022-11-28 20:38:40'),(94,'Hans','VANAKEN',39,3,'2022-11-28 20:38:40'),(95,'Timothy','CASTAGNE',39,3,'2022-11-28 20:38:40'),(96,'Romelu','LUKAKU',39,4,'2022-11-28 20:38:40'),(97,'Eden','HAZARD',39,4,'2022-11-28 20:38:40'),(98,'Yannick','CARRASCO',39,4,'2022-11-28 20:38:40'),(99,'Dries','MERTENS',39,4,'2022-11-28 20:38:40'),(100,'Leandro','TROSSARD',39,4,'2022-11-28 20:38:40'),(101,'DE','KETELAERE',39,4,'2022-11-28 20:38:40'),(102,'Michy','BATSHUAYI',39,4,'2022-11-28 20:38:40'),(103,'Lois','OPENDA',39,4,'2022-11-28 20:38:40'),(104,'Jeremy','DOKU',39,4,'2022-11-28 20:38:40'),(105,'ALISSON','none',43,1,'2022-11-28 20:53:47'),(106,'WEVERTON','none',43,1,'2022-11-28 20:53:47'),(107,'EDERSON','none',43,1,'2022-11-28 20:53:47'),(108,'DANILO','none',43,2,'2022-11-28 20:53:47'),(109,'THIAGO','SILVA',43,2,'2022-11-28 20:53:47'),(110,'MARQUINHOS','none',43,2,'2022-11-28 20:53:47'),(111,'ALEX','SANDRO',43,2,'2022-11-28 20:53:47'),(112,'DANI','ALVES',43,2,'2022-11-28 20:53:47'),(113,'EDER','MILITAO',43,2,'2022-11-28 20:53:47'),(114,'ALEX','TELLES',43,2,'2022-11-28 20:53:47'),(115,'BREMER','none',43,2,'2022-11-28 20:53:47'),(116,'CASEMIRO','none',43,3,'2022-11-28 20:53:47'),(117,'LUCAS','PAQUETA',43,3,'2022-11-28 20:53:47'),(118,'FRED','none',43,3,'2022-11-28 20:53:47'),(119,'FABINHO','none',43,3,'2022-11-28 20:53:47'),(120,'BRUNO','GUIMARAES',43,3,'2022-11-28 20:53:47'),(121,'EVERTON','RIBEIRO',43,3,'2022-11-28 20:53:47'),(122,'RICHARLISON','none',43,4,'2022-11-28 20:53:47'),(123,'NEYMAR','none',43,4,'2022-11-28 20:53:47'),(124,'RAPHINHA','none',43,4,'2022-11-28 20:53:47'),(125,'GABRIEL','JESUS',43,4,'2022-11-28 20:53:47'),(126,'ANTONY','none',43,4,'2022-11-28 20:53:47'),(127,'VINICIUS','JR',43,4,'2022-11-28 20:53:47'),(128,'RODRYGO','none',43,4,'2022-11-28 20:53:47'),(129,'PEDRO','none',43,4,'2022-11-28 20:53:47'),(130,'GABRIEL','MARTINELLI',43,4,'2022-11-28 20:53:47'),(131,'Brady','NGAPANDOUETNBU',46,1,'2022-11-28 21:06:23'),(132,'Devis','EPASSY',46,1,'2022-11-28 21:06:23'),(133,'Andre','ONANA',46,1,'2022-11-28 21:06:23'),(134,'Jerome','NGOM-MBEKELI',46,2,'2022-11-28 21:06:23'),(135,'Nicolas','NKOULOU',46,2,'2022-11-28 21:06:23'),(136,'Christopher','WOOH',46,2,'2022-11-28 21:06:23'),(137,'Olivier','MBAIZO',46,2,'2022-11-28 21:06:23'),(138,'Collins','FAI',46,2,'2022-11-28 21:06:23'),(139,'Jean-Charles','CASTELLETTO',46,2,'2022-11-28 21:06:23'),(140,'Enzo','EBOSSE',46,2,'2022-11-28 21:06:23'),(141,'Nouhou','TOLO',46,2,'2022-11-28 21:06:23'),(142,'Gael','ONDOUA',46,3,'2022-11-28 21:06:23'),(143,'Georges-Kevin','NKOUDOU',46,3,'2022-11-28 21:06:23'),(144,'Andre-Frank','ZAMBO-ANGUISSA',46,3,'2022-11-28 21:06:23'),(145,'Samuel','GOUET',46,3,'2022-11-28 21:06:23'),(146,'Pierre','KUNDE',46,3,'2022-11-28 21:06:23'),(147,'Martin','HONGLA',46,3,'2022-11-28 21:06:23'),(148,'Olivier','NTCHAM',46,3,'2022-11-28 21:06:23'),(149,'Souaibou','MAROU',46,3,'2022-11-28 21:06:23'),(150,'Nicolas','NGAMALEU',46,4,'2022-11-28 21:06:23'),(151,'Jean-Pierre','Nsame',46,4,'2022-11-28 21:06:23'),(152,'Vincent','ABOUBAKAR',46,4,'2022-11-28 21:06:23'),(153,'Christian','BASSOGOG',46,4,'2022-11-28 21:06:23'),(154,'Karl','TOKO-EKAMBI',46,4,'2022-11-28 21:06:23'),(155,'Eric-Maxim','CHOUPO-MOTING',46,4,'2022-11-28 21:06:23'),(156,'Bryan','MBEUMO',46,4,'2022-11-28 21:06:23'),(157,'Dayne','ST.CLAIR',40,1,'2022-11-28 22:57:35'),(158,'James','PANTEMIS',40,1,'2022-11-28 22:57:35'),(159,'Milan','BORJAN',40,1,'2022-11-28 22:57:35'),(160,'Alistair','JOHNSTON',40,2,'2022-11-28 22:57:35'),(161,'Sam','ADEKUGBE',40,2,'2022-11-28 22:57:35'),(162,'Kamal','MILLER',40,2,'2022-11-28 22:57:35'),(163,'Steven','VITORIA',40,2,'2022-11-28 22:57:35'),(164,'Richie','LARYEA',40,2,'2022-11-28 22:57:35'),(165,'Derek','CORNELIUS',40,2,'2022-11-28 22:57:35'),(166,'Joel','WATERMAN',40,2,'2022-11-28 22:57:35'),(167,'Samuel','PIETTE',40,3,'2022-11-28 22:57:35'),(168,'Stephen','EUSTAQUIO',40,3,'2022-11-28 22:57:35'),(169,'Liam','FRASER',40,3,'2022-11-28 22:57:35'),(170,'Junior','HOILETT',40,3,'2022-11-28 22:57:35'),(171,'Atiba','HUTCHINSON',40,3,'2022-11-28 22:57:35'),(172,'Mark-Anthony','KAYE',40,3,'2022-11-28 22:57:35'),(173,'Ismael','KONE',40,3,'2022-11-28 22:57:35'),(174,'Jonathan','OSORIO',40,3,'2022-11-28 22:57:35'),(175,'Liam','MILLAR',40,3,'2022-11-28 22:57:35'),(176,'David','WOTHERSPOON',40,3,'2022-11-28 22:57:35'),(177,'Lucas','CAVALLINI',40,4,'2022-11-28 22:57:35'),(178,'Tajon','BUCHANAN',40,4,'2022-11-28 22:57:35'),(179,'Ike','UGBO',40,4,'2022-11-28 22:57:35'),(180,'Cyle','LARIN',40,4,'2022-11-28 22:57:35'),(181,'Alphonso','DAVIES',40,4,'2022-11-28 22:57:35'),(182,'Jonathan','DAVID',40,4,'2022-11-28 22:57:35'),(183,'Keylor','NAVAS',38,1,'2022-11-28 23:07:41'),(184,'Esteban','ALVARADO',38,1,'2022-11-28 23:07:41'),(185,'Patrick','SEQUEIRA',38,1,'2022-11-28 23:07:41'),(186,'Daniel','CHACON',38,3,'2022-11-28 23:07:41'),(187,'Celso','BORGES',38,3,'2022-11-28 23:07:41'),(188,'Jewison','BENNETTE',38,3,'2022-11-28 23:07:41'),(189,'Bryan','RUIZ',38,3,'2022-11-28 23:07:41'),(190,'Gerson','TORRES',38,3,'2022-11-28 23:07:41'),(191,'Youstin','SALAS',38,3,'2022-11-28 23:07:41'),(192,'Yeltsin','TEJEDA',38,3,'2022-11-28 23:07:41'),(193,'Brandon','AGUILERA',38,3,'2022-11-28 23:07:41'),(194,'Douglas','LOPEZ',38,3,'2022-11-28 23:07:41'),(195,'Roan','WILSON',38,3,'2022-11-28 23:07:41'),(196,'Anthony','HERNANDEZ',38,3,'2022-11-28 23:07:41'),(197,'Alvaro','ZAMORA',38,3,'2022-11-28 23:07:41'),(198,'Juan','VARGAS',38,2,'2022-11-28 23:07:41'),(199,'Keysher','FULLER',38,2,'2022-11-28 23:07:41'),(200,'Oscar','DUARTE',38,2,'2022-11-28 23:07:41'),(201,'Bryan','OVIEDO',38,2,'2022-11-28 23:07:41'),(202,'Francisco','CALVO',38,2,'2022-11-28 23:07:41'),(203,'Carlos','MARTINEZ',38,2,'2022-11-28 23:07:41'),(204,'Kendall','WASTON',38,2,'2022-11-28 23:07:41'),(205,'Ronald','MATARRITA',38,2,'2022-11-28 23:07:41'),(206,'Anthony','CONTRERAS',38,4,'2022-11-28 23:07:41'),(207,'Johan','VENEGAS',38,4,'2022-11-28 23:07:41'),(208,'Joel','CAMPBELL',38,4,'2022-11-28 23:07:41'),(209,'Kasper','SCHMEICHEL',32,1,'2022-11-28 23:20:08'),(210,'Oliver','CHRISTENSEN',32,1,'2022-11-28 23:20:08'),(211,'Frederik','RONNOW',32,1,'2022-11-28 23:20:08'),(212,'Joachim','ANDERSEN',32,2,'2022-11-28 23:20:08'),(213,'Victor','NELSSON',32,2,'2022-11-28 23:20:08'),(214,'Simon','KJAER',32,2,'2022-11-28 23:20:08'),(215,'Joakim','MAEHLE',32,2,'2022-11-28 23:20:08'),(216,'Andreas','CHRISTENSEN',32,2,'2022-11-28 23:20:08'),(217,'Rasmus','KRISTENSEN',32,2,'2022-11-28 23:20:08'),(218,'Jens','STRYGER-LARSEN',32,2,'2022-11-28 23:20:08'),(219,'Daniel','WASS',32,2,'2022-11-28 23:20:08'),(220,'Alexander','BAH',32,2,'2022-11-28 23:20:08'),(221,'Mathias','JENSEN',32,3,'2022-11-28 23:20:08'),(222,'Thomas','DELANEY',32,3,'2022-11-28 23:20:08'),(223,'Christian','ERIKSEN',32,3,'2022-11-28 23:20:08'),(224,'Andreas','SKOV-OLSEN',32,3,'2022-11-28 23:20:08'),(225,'Mikkel','DAMSGAARD',32,3,'2022-11-28 23:20:08'),(226,'Christian','NORGAARD',32,3,'2022-11-28 23:20:08'),(227,'Pierre-Emile','HOJBJERG',32,3,'2022-11-28 23:20:08'),(228,'Robert','SKOV',32,3,'2022-11-28 23:20:08'),(229,'Jesper','LINDSTROM',32,3,'2022-11-28 23:20:08'),(230,'Martin','BRAITHWAITE',32,4,'2022-11-28 23:20:08'),(231,'Kasper','DOLBERG',32,4,'2022-11-28 23:20:08'),(232,'Jonas','WIND',32,4,'2022-11-28 23:20:08'),(233,'Yussuf','YURARY-POULSEN',32,4,'2022-11-28 23:20:08'),(234,'Andreas','CORNELIUS',32,4,'2022-11-28 23:20:08'),(235,'Hernan','GALINDEZ',20,1,'2022-11-29 20:10:09'),(236,'Moises','RAMIREZ',20,1,'2022-11-29 20:10:10'),(237,'Alexander','DOMINGUEZ',20,1,'2022-11-29 20:10:10'),(238,'Felix','TORRES',20,2,'2022-11-29 20:10:10'),(239,'Piero','HINCAPIE',20,2,'2022-11-29 20:10:10'),(240,'Robert','ARBOLEDA',20,2,'2022-11-29 20:10:10'),(241,'William','PACHO',20,2,'2022-11-29 20:10:10'),(242,'Pervis','ESTUPINAN',20,2,'2022-11-29 20:10:10'),(243,'Xavier','ARREAGA',20,2,'2022-11-29 20:10:10'),(244,'Angelo','PRECIADO',20,2,'2022-11-29 20:10:10'),(245,'Diego','PALACIOS',20,2,'2022-11-29 20:10:10'),(246,'Jackson','POROZO',20,2,'2022-11-29 20:10:10'),(247,'Jose','CIFUENTES',20,3,'2022-11-29 20:10:10'),(248,'Carlos','GRUEZO',20,3,'2022-11-29 20:10:10'),(249,'Eduar','PRECIADO',20,3,'2022-11-29 20:10:10'),(250,'Romario','IBARRA',20,3,'2022-11-29 20:10:10'),(251,'Angel','MENA',20,3,'2022-11-29 20:10:10'),(252,'Jeremy','SARMIENTO',20,3,'2022-11-29 20:10:10'),(253,'Gonzalo','PLATA',20,3,'2022-11-29 20:10:10'),(254,'Jhegson','MENDEZ',20,3,'2022-11-29 20:10:10'),(255,'Alan','FRANCO',20,3,'2022-11-29 20:10:10'),(256,'Moises','CAICEDO',20,3,'2022-11-29 20:10:10'),(257,'Michael','ESTRADA',20,4,'2022-11-29 20:10:10'),(258,'Enner','VALENCIA',20,4,'2022-11-29 20:10:10'),(259,'Djorkaeff','REASCO',20,4,'2022-11-29 20:10:10'),(260,'Kevin','RODRIGUEZ',20,4,'2022-11-29 20:10:10'),(261,'Jordan','PICKFORD',23,1,'2022-11-29 20:16:26'),(262,'Nick','POPE',23,1,'2022-11-29 20:16:26'),(263,'Aaron','RAMSDALE',23,1,'2022-11-29 20:16:26'),(264,'Kyle','WALKER',23,2,'2022-11-29 20:16:26'),(265,'Luke','SHAW',23,2,'2022-11-29 20:16:26'),(266,'John','STONES',23,2,'2022-11-29 20:16:26'),(267,'Harry','MAGUIRE',23,2,'2022-11-29 20:16:26'),(268,'Kieran','TRIPPIER',23,2,'2022-11-29 20:16:26'),(269,'Eric','DIER',23,2,'2022-11-29 20:16:26'),(270,'Conor','COADY',23,2,'2022-11-29 20:16:26'),(271,'Trent','ALEXANDER-ARNOLD',23,2,'2022-11-29 20:16:26'),(272,'Ben','WHITE',23,2,'2022-11-29 20:16:26'),(273,'Declan','RICE',23,3,'2022-11-29 20:16:26'),(274,'Jordan','HENDERSON',23,3,'2022-11-29 20:16:26'),(275,'Kalvin','PHILLIPS',23,3,'2022-11-29 20:16:26'),(276,'Mason','MOUNT',23,3,'2022-11-29 20:16:26'),(277,'Phil','FODEN',23,3,'2022-11-29 20:16:26'),(278,'Jude','BELLINGHAM',23,3,'2022-11-29 20:16:26'),(279,'James','MADDISON',23,3,'2022-11-29 20:16:26'),(280,'Conor','GALLAGHER',23,3,'2022-11-29 20:16:26'),(281,'Jack','GREALISH',23,4,'2022-11-29 20:16:26'),(282,'Harry','KANE',23,4,'2022-11-29 20:16:26'),(283,'Raheem','STERLING',23,4,'2022-11-29 20:16:26'),(284,'Marcus','RASHFORD',23,4,'2022-11-29 20:16:26'),(285,'Bukayo','SAKA',23,4,'2022-11-29 20:16:26'),(286,'Callum','WILSON',23,4,'2022-11-29 20:16:26'),(287,'Hugo','LLORIS',31,1,'2022-11-29 20:23:28'),(288,'Steve','MANDANDA',31,1,'2022-11-29 20:23:28'),(289,'Alphonse','AREOLA',31,1,'2022-11-29 20:23:28'),(290,'Benjamin','PAVARD',31,2,'2022-11-29 20:23:28'),(291,'Axel','DISASI',31,2,'2022-11-29 20:23:28'),(292,'Raphael','VARANE',31,2,'2022-11-29 20:23:28'),(293,'Jules','KOUNDE',31,2,'2022-11-29 20:23:28'),(294,'Youssouf','Fofana',31,2,'2022-11-29 20:23:28'),(295,'William','SALIBA',31,2,'2022-11-29 20:23:28'),(296,'Dayot','UPAMECANO',31,2,'2022-11-29 20:23:28'),(297,'Lucas','HERNANDEZ',31,2,'2022-11-29 20:23:28'),(298,'Theo','HERNANDEZ',31,2,'2022-11-29 20:23:28'),(299,'Ibrahima','KONATE',31,2,'2022-11-29 20:23:28'),(300,'Matteo','GUENDOUZI',31,3,'2022-11-29 20:23:28'),(301,'Aurelien','TCHOUAMENI',31,3,'2022-11-29 20:23:28'),(302,'Adrien','RABIOT',31,3,'2022-11-29 20:23:28'),(303,'Jordan','VERETOUT',31,3,'2022-11-29 20:23:28'),(304,'Eduardo','CAMAVINGA',31,3,'2022-11-29 20:23:28'),(305,'Antoine','GRIEZMANN',31,4,'2022-11-29 20:23:28'),(306,'Olivier','GIROUD',31,4,'2022-11-29 20:23:28'),(307,'Kylian','MBAPPE',31,4,'2022-11-29 20:23:28'),(308,'Ousmane','DEMBELE',31,4,'2022-11-29 20:23:28'),(309,'Randal','KOLO-MUANI',31,4,'2022-11-29 20:23:28'),(310,'Karim','BENZEMA',31,4,'2022-11-29 20:23:28'),(311,'Kingsley','COMAN',31,4,'2022-11-29 20:23:28'),(312,'Marcus','THURAM',31,4,'2022-11-29 20:23:28'),(313,'Manuel','NEUER',36,1,'2022-11-29 20:32:28'),(314,'Kevin','TRAPP',36,1,'2022-11-29 20:32:28'),(315,'Marc-Andre','TER-STEGEN',36,1,'2022-11-29 20:32:28'),(316,'Antonio','RUEDIGER',36,2,'2022-11-29 20:32:28'),(317,'David','RAUM',36,2,'2022-11-29 20:32:28'),(318,'Matthias','GINTER',36,2,'2022-11-29 20:32:28'),(319,'Thilo','KEHRER',36,2,'2022-11-29 20:32:28'),(320,'Niklas','SUELE',36,2,'2022-11-29 20:32:28'),(321,'Lukas','KLOSTERMANN',36,2,'2022-11-29 20:32:28'),(322,'Christian','GUENTER',36,2,'2022-11-29 20:32:28'),(323,'Nico','SCHLOTTERBECK',36,2,'2022-11-29 20:32:28'),(324,'Armel','BELLA-KOTCHAP',36,2,'2022-11-29 20:32:28'),(325,'Joshua','KIMMICH',36,3,'2022-11-29 20:32:28'),(326,'Leon','GORETZKA',36,3,'2022-11-29 20:32:28'),(327,'Mario','GOETZE',36,3,'2022-11-29 20:32:28'),(328,'Thomas','MUELLER',36,3,'2022-11-29 20:32:28'),(329,'Jamal','MUSIALA',36,3,'2022-11-29 20:32:28'),(330,'Julian','BRANDT',36,3,'2022-11-29 20:32:28'),(331,'Jonas','HOFMANN',36,3,'2022-11-29 20:32:28'),(332,'Leroy','SANE',36,3,'2022-11-29 20:32:28'),(333,'Ilkay','GUENDOGAN',36,3,'2022-11-29 20:32:28'),(334,'Kai','HAVERTZ',36,4,'2022-11-29 20:32:28'),(335,'Niclas','FUELLKRUG',36,4,'2022-11-29 20:32:28'),(336,'Serge','GNABRY',36,4,'2022-11-29 20:32:28'),(337,'Karim','ADEYEMI',36,4,'2022-11-29 20:32:28'),(338,'Youssoufa','MOUKOKO',36,4,'2022-11-29 20:32:28'),(339,'Lawrence-Ati','ZIGI',48,1,'2022-11-29 20:42:59'),(340,'Danlad','IBRAHIM',48,1,'2022-11-29 20:42:59'),(341,'Abdul-Manaf','NURUDEEN',48,1,'2022-11-29 20:42:59'),(342,'Tariq','LAMPTEY',48,2,'2022-11-29 20:42:59'),(343,'Denis','ODOI',48,2,'2022-11-29 20:42:59'),(344,'Mohammed','SALISU',48,2,'2022-11-29 20:42:59'),(345,'Gideon','MENSAH',48,2,'2022-11-29 20:42:59'),(346,'Joseph','AIDOO',48,2,'2022-11-29 20:42:59'),(347,'Baba','RAHMAN',48,2,'2022-11-29 20:42:59'),(348,'Daniel','AMARTEY',48,2,'2022-11-29 20:42:59'),(349,'Alexander','DJIKU',48,2,'2022-11-29 20:42:59'),(350,'Seidu','ALIDU',48,2,'2022-11-29 20:42:59'),(351,'Thomas','PARTEY',48,3,'2022-11-29 20:42:59'),(352,'Elisha','OWUSU',48,3,'2022-11-29 20:42:59'),(353,'Abdul-Fatawu','ISSAHAKU',48,3,'2022-11-29 20:42:59'),(354,'Daniel-Kofi','KYEREH',48,3,'2022-11-29 20:42:59'),(355,'Osman','BUKARI',48,3,'2022-11-29 20:42:59'),(356,'Daniel','AFRIYIE',48,3,'2022-11-29 20:42:59'),(357,'Kudus','MOHAMMED',48,3,'2022-11-29 20:42:59'),(358,'Salis-ABDUL','SAMED',48,3,'2022-11-29 20:42:59'),(359,'Kamaldeen','SULEMANA',48,3,'2022-11-29 20:42:59'),(360,'Kamal','SOWAH',48,3,'2022-11-29 20:42:59'),(361,'Jordan','AYEW',48,4,'2022-11-29 20:42:59'),(362,'Andre','AYEW',48,4,'2022-11-29 20:42:59'),(363,'Inaki','WILLIAMS',48,4,'2022-11-29 20:42:59'),(364,'Antoine','SEMENYO',48,4,'2022-11-29 20:42:59'),(365,'Ali','BEIRANVAND',24,1,'2022-11-29 20:48:29'),(366,'Payam','NIAZMAND',24,1,'2022-11-29 20:48:29'),(367,'Amir','ABEDZADEH',24,1,'2022-11-29 20:48:29'),(368,'Hossein','HOSSEINI',24,1,'2022-11-29 20:48:29'),(369,'Sadegh','MOHARRAMI',24,2,'2022-11-29 20:48:29'),(370,'Ehsan','HAJI-SAFI',24,2,'2022-11-29 20:48:29'),(371,'Shojae','KHALILZADEH',24,2,'2022-11-29 20:48:29'),(372,'Milad','MOHAMMADI',24,2,'2022-11-29 20:48:29'),(373,'Morteza','POURALIGANJI',24,2,'2022-11-29 20:48:29'),(374,'Mohammad','KANAANI',24,2,'2022-11-29 20:48:29'),(375,'Roozbeh','CHESHMI',24,2,'2022-11-29 20:48:29'),(376,'Majid','HOSSEINI',24,2,'2022-11-29 20:48:29'),(377,'Ramin','REZAEIAN',24,2,'2022-11-29 20:48:29'),(378,'Abolfazl','JALALI',24,2,'2022-11-29 20:48:29'),(379,'Saeid','EZATOLAHI',24,3,'2022-11-29 20:48:29'),(380,'Alireza','JAHANBAKHSH',24,3,'2022-11-29 20:48:29'),(381,'Vahid','AMIRI',24,3,'2022-11-29 20:48:29'),(382,'Saman','GHODDOS',24,3,'2022-11-29 20:48:29'),(383,'Mahdi','TORABI',24,3,'2022-11-29 20:48:29'),(384,'Ali','GHOLIZADEH',24,3,'2022-11-29 20:48:29'),(385,'Ali','KARIMI',24,3,'2022-11-29 20:48:29'),(386,'Ahmad','NOOROLLAHI',24,3,'2022-11-29 20:48:29'),(387,'Mehdi','TAREMI',24,4,'2022-11-29 20:48:29'),(388,'Karim','ANSARIFARD',24,4,'2022-11-29 20:48:29'),(389,'Sardar','AZMOUN',24,4,'2022-11-29 20:48:29'),(390,'Eiji','KAWASHIMA',37,1,'2022-11-29 20:58:41'),(391,'Shuichi','GONDA',37,1,'2022-11-29 20:58:41'),(392,'Daniel','SCHMIDT',37,1,'2022-11-29 20:58:41'),(393,'Miki','YAMANE',37,2,'2022-11-29 20:58:41'),(394,'Shogo','TANIGUCHI',37,2,'2022-11-29 20:58:41'),(395,'Kou','ITAKURA',37,2,'2022-11-29 20:58:41'),(396,'Yuto','NAGATOMO',37,2,'2022-11-29 20:58:41'),(397,'Takehiro','TOMIYASU',37,2,'2022-11-29 20:58:41'),(398,'Hiroki','SAKAI',37,2,'2022-11-29 20:58:41'),(399,'Maya','YOSHIDA',37,2,'2022-11-29 20:58:41'),(400,'Hiroki','ITO',37,2,'2022-11-29 20:58:41'),(401,'Wataru','ENDO',37,3,'2022-11-29 20:58:41'),(402,'Gaku','SHIBASAKI',37,3,'2022-11-29 20:58:41'),(403,'Ritsu','DOAN',37,3,'2022-11-29 20:58:41'),(404,'Kaoru','MITOMA',37,3,'2022-11-29 20:58:41'),(405,'Takumi','MINAMINO',37,3,'2022-11-29 20:58:41'),(406,'Takefusa','KUBO',37,3,'2022-11-29 20:58:41'),(407,'Hidemasa','MORITA',37,3,'2022-11-29 20:58:41'),(408,'Junya','ITO',37,3,'2022-11-29 20:58:41'),(409,'Daichi','KAMADA',37,3,'2022-11-29 20:58:41'),(410,'Ao','TANAKA',37,3,'2022-11-29 20:58:41'),(411,'Yuki','SOMA',37,3,'2022-11-29 20:58:41'),(412,'Takuma','ASANO',37,4,'2022-11-29 20:58:41'),(413,'Shuto','MACHINO',37,4,'2022-11-29 20:58:41'),(414,'Ayase','UEDA',37,4,'2022-11-29 20:58:41'),(415,'Daizen','MAEDA',37,4,'2022-11-29 20:58:41'),(416,'KIM','Seunggyu',50,1,'2022-11-29 21:11:15'),(417,'SONG','Bumkeun',50,1,'2022-11-29 21:11:15'),(418,'JO','Hyeonwoo',50,1,'2022-11-29 21:11:15'),(419,'YOON','Jonggyu',50,2,'2022-11-29 21:11:15'),(420,'KIM','Jinsu',50,2,'2022-11-29 21:11:15'),(421,'Kim','MINJAE',50,2,'2022-11-29 21:11:15'),(422,'HONG','Chul',50,2,'2022-11-29 21:11:15'),(423,'KIM','Moonhwan',50,2,'2022-11-29 21:11:15'),(424,'KIM','Younggwon',50,2,'2022-11-29 21:11:15'),(425,'KWON','Kyungwon',50,2,'2022-11-29 21:11:15'),(426,'KIM','Taehwan',50,2,'2022-11-29 21:11:15'),(427,'CHO','Yumin',50,2,'2022-11-29 21:11:15'),(428,'JUNG','Wooyoung',50,3,'2022-11-29 21:11:15'),(429,'HWANG','Inbeom',50,3,'2022-11-29 21:11:15'),(430,'SON','Heungmin',50,3,'2022-11-29 21:11:15'),(431,'PAIK','Seungho',50,3,'2022-11-29 21:11:15'),(432,'LEE','Jaesung',50,3,'2022-11-29 21:11:15'),(433,'HWANG','Heechan',50,3,'2022-11-29 21:11:15'),(434,'SON','Junho',50,3,'2022-11-29 21:11:15'),(435,'NA','Sangho',50,3,'2022-11-29 21:11:15'),(436,'LEE','Kangin',50,3,'2022-11-29 21:11:15'),(437,'KWON','Changhoon',50,3,'2022-11-29 21:11:15'),(438,'JEONG','Wooyeong',50,3,'2022-11-29 21:11:15'),(439,'SONG','Minkyu',50,3,'2022-11-29 21:11:15'),(440,'CHO','Guesung',50,4,'2022-11-29 21:11:15'),(441,'HWANG','Uijo',50,4,'2022-11-29 21:11:15'),(442,'Yassine','BOUNOU',41,1,'2022-11-29 21:19:24'),(443,'Monir','EL-KAJOUI',41,1,'2022-11-29 21:19:25'),(444,'Ahmed','TAGNAOUTI',41,1,'2022-11-29 21:19:25'),(445,'Achraf','HAKIMI',41,2,'2022-11-29 21:19:25'),(446,'Noussair','MAZRAOUI',41,2,'2022-11-29 21:19:25'),(447,'Nayef','AGUERD',41,2,'2022-11-29 21:19:26'),(448,'Romain','SAISS',41,2,'2022-11-29 21:19:26'),(449,'Jawad','EL-YAMIQ',41,2,'2022-11-29 21:19:26'),(450,'Achraf','DARI',41,2,'2022-11-29 21:19:26'),(451,'Badr','BENOUN',41,2,'2022-11-29 21:19:26'),(452,'Yahya','ATTIAT-ALLAH',41,2,'2022-11-29 21:19:26'),(453,'Sofyan','AMRABAT',41,3,'2022-11-29 21:19:26'),(454,'Hakim','ZIYECH',41,3,'2022-11-29 21:19:26'),(455,'Azzedine','OUNAHI',41,3,'2022-11-29 21:19:26'),(456,'Anass','ZAROURY',41,3,'2022-11-29 21:19:26'),(457,'Ilias','CHAIR',41,3,'2022-11-29 21:19:26'),(458,'Zakaria','ABOUKHLAL',41,3,'2022-11-29 21:19:26'),(459,'Selim','AMALLAH',41,3,'2022-11-29 21:19:26'),(460,'Sofiane','BOUFAL',41,3,'2022-11-29 21:19:26'),(461,'Bilal','EL-KHANNOUSS',41,3,'2022-11-29 21:19:26'),(462,'Yahya','JABRANE',41,3,'2022-11-29 21:19:26'),(463,'Abderrazak','HAMDALLAH',41,4,'2022-11-29 21:19:26'),(464,'Abdelhamid','SABIRI',41,4,'2022-11-29 21:19:26'),(465,'Abde','EZZALZOULI',41,4,'2022-11-29 21:19:26'),(466,'Youssef','EN-NESYRI',41,4,'2022-11-29 21:19:26'),(467,'Walid','CHEDDIRA',41,4,'2022-11-29 21:19:26'),(468,'Remko','PASVEER',22,1,'2022-11-29 21:27:57'),(469,'Justin','BIJLOW',22,1,'2022-11-29 21:27:57'),(470,'Andries','NOPPERT',22,1,'2022-11-29 21:27:57'),(471,'Jurrien','TIMBER',22,2,'2022-11-29 21:27:57'),(472,'Matthijs','DE-LIGT',22,2,'2022-11-29 21:27:57'),(473,'Virgil','VAN-DIJK',22,2,'2022-11-29 21:27:57'),(474,'Nathan','AKE',22,2,'2022-11-29 21:27:57'),(475,'Stefan','DE-VRIJ',22,2,'2022-11-29 21:27:57'),(476,'Tyrell','MALACIA',22,2,'2022-11-29 21:27:57'),(477,'Daley','BLIND',22,2,'2022-11-29 21:27:57'),(478,'Denzel','DUMFRIES',22,2,'2022-11-29 21:27:57'),(479,'Jeremie','FRIMPONG',22,2,'2022-11-29 21:27:57'),(480,'Steven','BERGWIJN',22,4,'2022-11-29 21:27:57'),(481,'Cody','GAKPO',22,4,'2022-11-29 21:27:57'),(482,'Luuk','DE-JONG',22,4,'2022-11-29 21:27:57'),(483,'Memphis','DEPAY',22,4,'2022-11-29 21:27:57'),(484,'Noa','LANG',22,4,'2022-11-29 21:27:57'),(485,'Vincent','JANSSEN',22,4,'2022-11-29 21:27:57'),(486,'Wout','WEGHORST',22,4,'2022-11-29 21:27:57'),(487,'Steven','BERGHUIS',22,3,'2022-11-29 21:27:57'),(488,'Davy','KLAASSEN',22,3,'2022-11-29 21:27:57'),(489,'Marten','DE-ROON',22,3,'2022-11-29 21:27:57'),(490,'Teun','KOOPMEINERS',22,3,'2022-11-29 21:27:57'),(491,'Frenkie','DE-JONG',22,3,'2022-11-29 21:27:57'),(492,'Kenneth','TAYLOR',22,3,'2022-11-29 21:27:57'),(493,'Xavi','SIMONS',22,3,'2022-11-29 21:27:57'),(494,'Wojciech','SZCZESNY',30,1,'2022-11-29 21:37:02'),(495,'Lukasz','SKORUPSKI',30,1,'2022-11-29 21:37:02'),(496,'Kamil','GRABARA',30,1,'2022-11-29 21:37:02'),(497,'Matty','CASH',30,2,'2022-11-29 21:37:02'),(498,'Artur','JEDRZEJCZYK',30,2,'2022-11-29 21:37:02'),(499,'Mateusz','WIETESKA',30,2,'2022-11-29 21:37:02'),(500,'Jan','BEDNAREK',30,2,'2022-11-29 21:37:02'),(501,'Jakub','KIWIOR',30,2,'2022-11-29 21:37:02'),(502,'Kamil','GLIK',30,2,'2022-11-29 21:37:02'),(503,'Bartosz','BERESZYNSKI',30,2,'2022-11-29 21:37:02'),(504,'Robert','GUMNY',30,2,'2022-11-29 21:37:02'),(505,'Krystian','BIELIK',30,3,'2022-11-29 21:37:02'),(506,'Damian','SZYMANSKI',30,3,'2022-11-29 21:37:02'),(507,'Grzegorz','KRYCHOWIAK',30,3,'2022-11-29 21:37:02'),(508,'Kamil','GROSICKI',30,3,'2022-11-29 21:37:02'),(509,'Jakub','KAMINSKI',30,3,'2022-11-29 21:37:02'),(510,'Szymon','ZURKOWSKI',30,3,'2022-11-29 21:37:02'),(511,'Sebastian','SZYMANSKI',30,3,'2022-11-29 21:37:02'),(512,'Piotr','ZIELINSKI',30,3,'2022-11-29 21:37:02'),(513,'Nicola','ZALEWSKI',30,3,'2022-11-29 21:37:02'),(514,'Przemyslaw','FRANKOWSKI',30,3,'2022-11-29 21:37:02'),(515,'Michal','SKORAS',30,3,'2022-11-29 21:37:02'),(516,'Arkadiusz','MILIK',30,4,'2022-11-29 21:37:02'),(517,'Robert','LEWANDOWSKI',30,4,'2022-11-29 21:37:02'),(518,'Karol','SWIDERSKI',30,4,'2022-11-29 21:37:02'),(519,'Krzysztof','PIATEK',30,4,'2022-11-29 21:37:02');
/*!40000 ALTER TABLE `players` ENABLE KEYS */;
UNLOCK TABLES;

--
-- Table structure for table `scores`
--

DROP TABLE IF EXISTS `scores`;
/*!40101 SET @saved_cs_client     = @@character_set_client */;
/*!50503 SET character_set_client = utf8mb4 */;
CREATE TABLE `scores` (
  `scoreId` int NOT NULL AUTO_INCREMENT,
  `matchId` int NOT NULL,
  `teamId` int NOT NULL,
  `goal` int NOT NULL,
  `insertDate` datetime DEFAULT CURRENT_TIMESTAMP,
  PRIMARY KEY (`scoreId`)
) ENGINE=InnoDB AUTO_INCREMENT=101 DEFAULT CHARSET=utf8mb4 COLLATE=utf8mb4_0900_ai_ci;
/*!40101 SET character_set_client = @saved_cs_client */;

--
-- Dumping data for table `scores`
--

LOCK TABLES `scores` WRITE;
/*!40000 ALTER TABLE `scores` DISABLE KEYS */;
INSERT INTO `scores` VALUES (1,15,47,3,'2022-11-24 20:11:41'),(2,15,48,2,'2022-11-24 20:11:41'),(3,16,43,2,'2022-11-24 20:11:41'),(4,16,44,0,'2022-11-24 20:11:41'),(5,1,19,0,'2022-11-24 20:37:48'),(6,1,20,2,'2022-11-24 20:37:48'),(7,2,21,0,'2022-11-24 20:37:48'),(8,2,22,2,'2022-11-24 20:37:48'),(9,3,23,6,'2022-11-24 20:37:48'),(10,3,24,2,'2022-11-24 20:37:48'),(11,4,25,1,'2022-11-24 20:37:48'),(12,4,26,1,'2022-11-24 20:37:48'),(13,5,31,4,'2022-11-24 20:37:48'),(14,5,34,1,'2022-11-24 20:37:48'),(15,6,32,0,'2022-11-24 20:37:48'),(16,6,33,0,'2022-11-24 20:37:48'),(17,7,29,0,'2022-11-24 20:37:48'),(18,7,30,0,'2022-11-24 20:37:48'),(19,8,27,1,'2022-11-24 20:37:48'),(20,8,28,2,'2022-11-24 20:37:48'),(21,9,39,1,'2022-11-24 20:37:48'),(22,9,40,0,'2022-11-24 20:37:48'),(23,10,35,7,'2022-11-24 20:37:48'),(24,10,38,0,'2022-11-24 20:37:48'),(25,11,36,1,'2022-11-24 20:37:48'),(26,11,37,2,'2022-11-24 20:37:48'),(27,12,41,0,'2022-11-24 20:37:48'),(28,12,42,0,'2022-11-24 20:37:48'),(29,13,45,1,'2022-11-24 20:37:48'),(30,13,46,0,'2022-11-24 20:37:48'),(31,14,49,0,'2022-11-24 20:37:48'),(32,14,50,0,'2022-11-24 20:37:48'),(33,17,26,0,'2022-11-25 15:49:19'),(34,17,24,2,'2022-11-25 15:49:20'),(35,18,19,1,'2022-11-25 15:49:20'),(36,18,21,3,'2022-11-25 15:49:20'),(37,19,22,1,'2022-11-25 15:49:20'),(38,19,20,1,'2022-11-25 15:49:20'),(39,20,23,0,'2022-11-25 15:49:20'),(40,20,25,0,'2022-11-25 15:49:20'),(41,22,30,2,'2022-11-26 11:13:29'),(42,22,28,0,'2022-11-26 11:13:29'),(43,21,33,0,'2022-11-26 11:13:29'),(44,21,34,1,'2022-11-26 11:13:29'),(45,23,31,2,'2022-11-26 12:54:45'),(46,23,32,1,'2022-11-26 12:54:45'),(47,24,27,2,'2022-11-26 15:14:46'),(48,24,29,0,'2022-11-26 15:14:46'),(49,25,37,0,'2022-11-27 19:10:59'),(50,25,38,1,'2022-11-27 19:10:59'),(51,26,39,0,'2022-11-27 19:10:59'),(52,26,41,2,'2022-11-27 19:10:59'),(53,27,42,4,'2022-11-27 19:10:59'),(54,27,40,1,'2022-11-27 19:10:59'),(55,28,35,1,'2022-11-27 19:10:59'),(56,28,36,1,'2022-11-27 19:10:59'),(57,29,46,3,'2022-11-28 08:37:26'),(58,29,44,3,'2022-11-28 08:37:27'),(59,30,50,2,'2022-11-28 09:16:12'),(60,30,48,3,'2022-11-28 09:16:12'),(61,31,43,1,'2022-11-28 15:13:51'),(62,31,45,0,'2022-11-28 15:13:56'),(63,32,47,2,'2022-11-28 15:13:56'),(64,32,49,0,'2022-11-28 15:13:56'),(65,33,26,0,'2022-11-29 19:18:10'),(66,33,23,3,'2022-11-29 19:18:11'),(67,34,24,0,'2022-11-29 19:18:11'),(68,34,25,1,'2022-11-29 19:18:11'),(69,35,20,1,'2022-11-29 19:18:11'),(70,35,21,2,'2022-11-29 19:18:11'),(71,36,22,2,'2022-11-29 19:18:11'),(72,36,19,0,'2022-11-29 19:18:11'),(73,37,34,1,'2022-11-30 23:09:11'),(74,37,32,0,'2022-11-30 23:09:12'),(75,38,33,1,'2022-11-30 23:09:12'),(76,38,31,0,'2022-11-30 23:09:12'),(77,39,30,0,'2022-11-30 23:09:12'),(78,39,27,2,'2022-11-30 23:09:12'),(79,40,28,1,'2022-11-30 23:09:12'),(80,40,29,2,'2022-11-30 23:09:12'),(81,43,37,2,'2022-12-01 15:42:17'),(82,43,35,1,'2022-12-01 15:42:17'),(83,41,42,0,'2022-12-01 15:42:17'),(84,41,39,0,'2022-12-01 15:42:17'),(85,42,40,1,'2022-12-01 15:42:17'),(86,42,41,2,'2022-12-01 15:42:17'),(87,44,38,2,'2022-12-01 15:42:17'),(88,44,36,4,'2022-12-01 15:42:17'),(89,45,48,0,'2022-12-03 00:00:33'),(90,45,49,2,'2022-12-03 00:00:34'),(91,46,50,2,'2022-12-03 00:00:34'),(92,46,47,1,'2022-12-03 00:00:34'),(93,47,44,2,'2022-12-03 00:00:34'),(94,47,45,3,'2022-12-03 00:00:34'),(95,48,46,1,'2022-12-03 00:00:34'),(96,48,43,0,'2022-12-03 00:00:34'),(97,49,22,3,'2022-12-04 01:49:13'),(98,49,25,1,'2022-12-04 01:49:13'),(99,51,27,2,'2022-12-04 01:49:13'),(100,51,34,1,'2022-12-04 01:49:13');
/*!40000 ALTER TABLE `scores` ENABLE KEYS */;
UNLOCK TABLES;

--
-- Table structure for table `stadiums`
--

DROP TABLE IF EXISTS `stadiums`;
/*!40101 SET @saved_cs_client     = @@character_set_client */;
/*!50503 SET character_set_client = utf8mb4 */;
CREATE TABLE `stadiums` (
  `stadiumId` int NOT NULL AUTO_INCREMENT,
  `stadium` varchar(30) NOT NULL,
  `cityId` int DEFAULT NULL,
  `insertDate` datetime DEFAULT CURRENT_TIMESTAMP,
  PRIMARY KEY (`stadiumId`)
) ENGINE=InnoDB AUTO_INCREMENT=26 DEFAULT CHARSET=utf8mb4 COLLATE=utf8mb4_0900_ai_ci;
/*!40101 SET character_set_client = @saved_cs_client */;

--
-- Dumping data for table `stadiums`
--

LOCK TABLES `stadiums` WRITE;
/*!40000 ALTER TABLE `stadiums` DISABLE KEYS */;
INSERT INTO `stadiums` VALUES (18,'AL BAIT',1,'2022-11-27 22:44:42'),(19,'JALIFA INTERNATIONAL',2,'2022-11-27 22:44:42'),(20,'AL THUMAMA',3,'2022-11-27 22:44:42'),(21,'AHMAD BIN ALI',2,'2022-11-27 22:44:42'),(22,'LUSAIL',5,'2022-11-27 22:44:42'),(23,'974',3,'2022-11-27 22:44:42'),(24,'EDUCATION CITY',2,'2022-11-27 22:44:42'),(25,'AL YANUB',4,'2022-11-27 22:44:42');
/*!40000 ALTER TABLE `stadiums` ENABLE KEYS */;
UNLOCK TABLES;

--
-- Table structure for table `teams`
--

DROP TABLE IF EXISTS `teams`;
/*!40101 SET @saved_cs_client     = @@character_set_client */;
/*!50503 SET character_set_client = utf8mb4 */;
CREATE TABLE `teams` (
  `team_id` int unsigned NOT NULL AUTO_INCREMENT,
  `team_name` varchar(30) DEFAULT NULL,
  `insert_date` datetime DEFAULT NULL,
  PRIMARY KEY (`team_id`),
  UNIQUE KEY `team_name` (`team_name`)
) ENGINE=InnoDB AUTO_INCREMENT=161 DEFAULT CHARSET=utf8mb4 COLLATE=utf8mb4_0900_ai_ci;
/*!40101 SET character_set_client = @saved_cs_client */;

--
-- Dumping data for table `teams`
--

LOCK TABLES `teams` WRITE;
/*!40000 ALTER TABLE `teams` DISABLE KEYS */;
INSERT INTO `teams` VALUES (19,'QATAR','2022-11-26 23:26:08'),(20,'ECUADOR','2022-11-26 23:26:08'),(21,'SENEGAL','2022-11-26 23:26:08'),(22,'PAISES BAJOS','2022-11-26 23:26:08'),(23,'INGLATERRA','2022-11-26 23:26:08'),(24,'RI DE IRAN','2022-11-26 23:26:08'),(25,'USA','2022-11-26 23:26:08'),(26,'GALES','2022-11-26 23:26:08'),(27,'ARGENTINA','2022-11-26 23:26:08'),(28,'ARABIA SAUDITA','2022-11-26 23:26:08'),(29,'MEXICO','2022-11-26 23:26:08'),(30,'POLONIA','2022-11-26 23:26:08'),(31,'FRANCIA','2022-11-26 23:26:08'),(32,'DINAMARCA','2022-11-26 23:26:08'),(33,'TUNEZ','2022-11-26 23:26:08'),(34,'AUSTRALIA','2022-11-26 23:26:08'),(35,'ESPAÑA','2022-11-26 23:26:08'),(36,'ALEMANIA','2022-11-26 23:26:08'),(37,'JAPON','2022-11-26 23:26:08'),(38,'COSTA RICA','2022-11-26 23:26:08'),(39,'BELGICA','2022-11-26 23:26:08'),(40,'CANADA','2022-11-26 23:26:08'),(41,'MARRUECOS','2022-11-26 23:26:08'),(42,'CROACIA','2022-11-26 23:26:08'),(43,'BRASIL','2022-11-26 23:26:08'),(44,'SERBIA','2022-11-26 23:26:08'),(45,'SUIZA','2022-11-26 23:26:08'),(46,'CAMERUN','2022-11-26 23:26:08'),(47,'PORTUGAL','2022-11-26 23:26:08'),(48,'GHANA','2022-11-26 23:26:08'),(49,'URUGUAY','2022-11-26 23:26:08'),(50,'REPUBLICA DE COREA','2022-11-26 23:26:08');
/*!40000 ALTER TABLE `teams` ENABLE KEYS */;
UNLOCK TABLES;

--
-- Temporary view structure for view `vgdraws`
--

DROP TABLE IF EXISTS `vgdraws`;
/*!50001 DROP VIEW IF EXISTS `vgdraws`*/;
SET @saved_cs_client     = @@character_set_client;
/*!50503 SET character_set_client = utf8mb4 */;
/*!50001 CREATE VIEW `vgdraws` AS SELECT 
 1 AS `group`,
 1 AS `team`,
 1 AS `GD`*/;
SET character_set_client = @saved_cs_client;

--
-- Temporary view structure for view `vgloses`
--

DROP TABLE IF EXISTS `vgloses`;
/*!50001 DROP VIEW IF EXISTS `vgloses`*/;
SET @saved_cs_client     = @@character_set_client;
/*!50503 SET character_set_client = utf8mb4 */;
/*!50001 CREATE VIEW `vgloses` AS SELECT 
 1 AS `group`,
 1 AS `team`,
 1 AS `GL`*/;
SET character_set_client = @saved_cs_client;

--
-- Temporary view structure for view `vgoalsbyteam`
--

DROP TABLE IF EXISTS `vgoalsbyteam`;
/*!50001 DROP VIEW IF EXISTS `vgoalsbyteam`*/;
SET @saved_cs_client     = @@character_set_client;
/*!50503 SET character_set_client = utf8mb4 */;
/*!50001 CREATE VIEW `vgoalsbyteam` AS SELECT 
 1 AS `team`,
 1 AS `goal`*/;
SET character_set_client = @saved_cs_client;

--
-- Temporary view structure for view `vgplayed`
--

DROP TABLE IF EXISTS `vgplayed`;
/*!50001 DROP VIEW IF EXISTS `vgplayed`*/;
SET @saved_cs_client     = @@character_set_client;
/*!50503 SET character_set_client = utf8mb4 */;
/*!50001 CREATE VIEW `vgplayed` AS SELECT 
 1 AS `group`,
 1 AS `team`,
 1 AS `GP`*/;
SET character_set_client = @saved_cs_client;

--
-- Temporary view structure for view `vgwins`
--

DROP TABLE IF EXISTS `vgwins`;
/*!50001 DROP VIEW IF EXISTS `vgwins`*/;
SET @saved_cs_client     = @@character_set_client;
/*!50503 SET character_set_client = utf8mb4 */;
/*!50001 CREATE VIEW `vgwins` AS SELECT 
 1 AS `group`,
 1 AS `team`,
 1 AS `GW`,
 1 AS `PTS`*/;
SET character_set_client = @saved_cs_client;

--
-- Temporary view structure for view `vmatchesresults`
--

DROP TABLE IF EXISTS `vmatchesresults`;
/*!50001 DROP VIEW IF EXISTS `vmatchesresults`*/;
SET @saved_cs_client     = @@character_set_client;
/*!50503 SET character_set_client = utf8mb4 */;
/*!50001 CREATE VIEW `vmatchesresults` AS SELECT 
 1 AS `match`,
 1 AS `phase`,
 1 AS `date`,
 1 AS `stadium`,
 1 AS `lgroup`,
 1 AS `local_team`,
 1 AS `lt_goal`,
 1 AS `vgroup`,
 1 AS `visitor_team`,
 1 AS `vt_goal`*/;
SET character_set_client = @saved_cs_client;

--
-- Temporary view structure for view `vprestats`
--

DROP TABLE IF EXISTS `vprestats`;
/*!50001 DROP VIEW IF EXISTS `vprestats`*/;
SET @saved_cs_client     = @@character_set_client;
/*!50503 SET character_set_client = utf8mb4 */;
/*!50001 CREATE VIEW `vprestats` AS SELECT 
 1 AS `phase`,
 1 AS `lgroup`,
 1 AS `team_winner`,
 1 AS `team_loser`,
 1 AS `empate`,
 1 AS `empate2`*/;
SET character_set_client = @saved_cs_client;

--
-- Final view structure for view `vgdraws`
--

/*!50001 DROP VIEW IF EXISTS `vgdraws`*/;
/*!50001 SET @saved_cs_client          = @@character_set_client */;
/*!50001 SET @saved_cs_results         = @@character_set_results */;
/*!50001 SET @saved_col_connection     = @@collation_connection */;
/*!50001 SET character_set_client      = utf8mb4 */;
/*!50001 SET character_set_results     = utf8mb4 */;
/*!50001 SET collation_connection      = utf8mb4_0900_ai_ci */;
/*!50001 CREATE ALGORITHM=UNDEFINED */
/*!50013 DEFINER=`tommate`@`localhost` SQL SECURITY DEFINER */
/*!50001 VIEW `vgdraws` AS select `et`.`group` AS `group`,`et`.`team` AS `team`,count(`et`.`team`) AS `GD` from (select `g`.`group` AS `group`,`base`.`empate` AS `team`,count(`base`.`empate`) AS `GD` from (((with `base` as (select distinct `m`.`matchNo` AS `match`,(case `m`.`phase` when 1 then 'group' when 2 then 'Round of 16' when 3 then 'Quarter Finals' when 4 then 'Semi Finals' when 5 then '3rd Place' when 6 then 'Final' else 'Not considered' end) AS `phase`,`m`.`date` AS `date`,`st`.`stadium` AS `stadium`,`lg`.`group` AS `lgroup`,`lt`.`team_name` AS `local_team`,`ls`.`goal` AS `lt_goal`,`vg`.`group` AS `vgroup`,`vt`.`team_name` AS `visitor_team`,`vs`.`goal` AS `vt_goal` from (((((((`matches` `m` join `scores` `ls` on((`m`.`matchId` = `ls`.`matchId`))) join `scores` `vs` on((`m`.`matchId` = `vs`.`matchId`))) join `teams` `lt` on(((`lt`.`team_id` = `m`.`localTeamId`) and (`lt`.`team_id` = `ls`.`teamId`)))) join `teams` `vt` on(((`vt`.`team_id` = `m`.`visitorTeamId`) and (`vt`.`team_id` = `vs`.`teamId`)))) join `stadiums` `st` on((`st`.`stadiumId` = `m`.`stadiumId`))) join `groups` `lg` on((`lg`.`teamId` = `lt`.`team_id`))) join `groups` `vg` on((`vg`.`teamId` = `vt`.`team_id`))) order by `m`.`date`,`m`.`matchNo`) select `base`.`lgroup` AS `lgroup`,(case when (`base`.`lt_goal` < `base`.`vt_goal`) then `base`.`visitor_team` when (`base`.`lt_goal` > `base`.`vt_goal`) then `base`.`local_team` end) AS `team_winner`,(case when (`base`.`lt_goal` < `base`.`vt_goal`) then `base`.`local_team` when (`base`.`lt_goal` > `base`.`vt_goal`) then `base`.`visitor_team` end) AS `team_loser`,(case when (`base`.`lt_goal` = `base`.`vt_goal`) then `base`.`local_team` end) AS `empate`,(case when (`base`.`lt_goal` = `base`.`vt_goal`) then `base`.`visitor_team` end) AS `empate2` from `base`) `base` join `soccer`.`teams` `t` on((`t`.`team_name` = `base`.`empate`))) join `groups` `g` on((`g`.`teamId` = `t`.`team_id`))) where (`base`.`empate` <> '') group by `g`.`group`,`base`.`empate` union all select `g`.`group` AS `group`,`base`.`empate2` AS `team`,count(`base`.`empate2`) AS `GD` from (((with `base` as (select distinct `m`.`matchNo` AS `match`,(case `m`.`phase` when 1 then 'group' when 2 then 'Round of 16' when 3 then 'Quarter Finals' when 4 then 'Semi Finals' when 5 then '3rd Place' when 6 then 'Final' else 'Not considered' end) AS `phase`,`m`.`date` AS `date`,`st`.`stadium` AS `stadium`,`lg`.`group` AS `lgroup`,`lt`.`team_name` AS `local_team`,`ls`.`goal` AS `lt_goal`,`vg`.`group` AS `vgroup`,`vt`.`team_name` AS `visitor_team`,`vs`.`goal` AS `vt_goal` from (((((((`matches` `m` join `scores` `ls` on((`m`.`matchId` = `ls`.`matchId`))) join `scores` `vs` on((`m`.`matchId` = `vs`.`matchId`))) join `teams` `lt` on(((`lt`.`team_id` = `m`.`localTeamId`) and (`lt`.`team_id` = `ls`.`teamId`)))) join `teams` `vt` on(((`vt`.`team_id` = `m`.`visitorTeamId`) and (`vt`.`team_id` = `vs`.`teamId`)))) join `stadiums` `st` on((`st`.`stadiumId` = `m`.`stadiumId`))) join `groups` `lg` on((`lg`.`teamId` = `lt`.`team_id`))) join `groups` `vg` on((`vg`.`teamId` = `vt`.`team_id`))) order by `m`.`date`,`m`.`matchNo`) select `base`.`lgroup` AS `lgroup`,(case when (`base`.`lt_goal` < `base`.`vt_goal`) then `base`.`visitor_team` when (`base`.`lt_goal` > `base`.`vt_goal`) then `base`.`local_team` end) AS `team_winner`,(case when (`base`.`lt_goal` < `base`.`vt_goal`) then `base`.`local_team` when (`base`.`lt_goal` > `base`.`vt_goal`) then `base`.`visitor_team` end) AS `team_loser`,(case when (`base`.`lt_goal` = `base`.`vt_goal`) then `base`.`local_team` end) AS `empate`,(case when (`base`.`lt_goal` = `base`.`vt_goal`) then `base`.`visitor_team` end) AS `empate2` from `base`) `base` join `teams` `t` on((`t`.`team_name` = `base`.`empate2`))) join `groups` `g` on((`g`.`teamId` = `t`.`team_id`))) where (`base`.`empate2` <> '') group by `g`.`group`,`base`.`empate2`) `et` group by `et`.`group`,`et`.`team` order by `et`.`group` */;
/*!50001 SET character_set_client      = @saved_cs_client */;
/*!50001 SET character_set_results     = @saved_cs_results */;
/*!50001 SET collation_connection      = @saved_col_connection */;

--
-- Final view structure for view `vgloses`
--

/*!50001 DROP VIEW IF EXISTS `vgloses`*/;
/*!50001 SET @saved_cs_client          = @@character_set_client */;
/*!50001 SET @saved_cs_results         = @@character_set_results */;
/*!50001 SET @saved_col_connection     = @@collation_connection */;
/*!50001 SET character_set_client      = utf8mb4 */;
/*!50001 SET character_set_results     = utf8mb4 */;
/*!50001 SET collation_connection      = utf8mb4_0900_ai_ci */;
/*!50001 CREATE ALGORITHM=UNDEFINED */
/*!50013 DEFINER=`tommate`@`localhost` SQL SECURITY DEFINER */
/*!50001 VIEW `vgloses` AS select `g`.`group` AS `group`,`vps`.`team_loser` AS `team`,count(`vps`.`team_loser`) AS `GL` from ((`vprestats` `vps` join `teams` `t` on((`t`.`team_name` = `vps`.`team_loser`))) join `groups` `g` on((`g`.`teamId` = `t`.`team_id`))) where (`vps`.`team_loser` <> '') group by `g`.`group`,`vps`.`team_loser` */;
/*!50001 SET character_set_client      = @saved_cs_client */;
/*!50001 SET character_set_results     = @saved_cs_results */;
/*!50001 SET collation_connection      = @saved_col_connection */;

--
-- Final view structure for view `vgoalsbyteam`
--

/*!50001 DROP VIEW IF EXISTS `vgoalsbyteam`*/;
/*!50001 SET @saved_cs_client          = @@character_set_client */;
/*!50001 SET @saved_cs_results         = @@character_set_results */;
/*!50001 SET @saved_col_connection     = @@collation_connection */;
/*!50001 SET character_set_client      = utf8mb4 */;
/*!50001 SET character_set_results     = utf8mb4 */;
/*!50001 SET collation_connection      = utf8mb4_0900_ai_ci */;
/*!50001 CREATE ALGORITHM=UNDEFINED */
/*!50013 DEFINER=`tommate`@`localhost` SQL SECURITY DEFINER */
/*!50001 VIEW `vgoalsbyteam` AS select `t`.`team_name` AS `team`,sum(`s`.`goal`) AS `goal` from ((`scores` `s` join `matches` `m` on((`m`.`matchId` = `s`.`matchId`))) join `teams` `t` on((`t`.`team_id` = `s`.`teamId`))) group by `t`.`team_name` */;
/*!50001 SET character_set_client      = @saved_cs_client */;
/*!50001 SET character_set_results     = @saved_cs_results */;
/*!50001 SET collation_connection      = @saved_col_connection */;

--
-- Final view structure for view `vgplayed`
--

/*!50001 DROP VIEW IF EXISTS `vgplayed`*/;
/*!50001 SET @saved_cs_client          = @@character_set_client */;
/*!50001 SET @saved_cs_results         = @@character_set_results */;
/*!50001 SET @saved_col_connection     = @@collation_connection */;
/*!50001 SET character_set_client      = utf8mb4 */;
/*!50001 SET character_set_results     = utf8mb4 */;
/*!50001 SET collation_connection      = utf8mb4_0900_ai_ci */;
/*!50001 CREATE ALGORITHM=UNDEFINED */
/*!50013 DEFINER=`tommate`@`localhost` SQL SECURITY DEFINER */
/*!50001 VIEW `vgplayed` AS select `g`.`group` AS `group`,`t`.`team_name` AS `team`,count(`s`.`teamId`) AS `GP` from ((`scores` `s` join `teams` `t` on((`t`.`team_id` = `s`.`teamId`))) join `groups` `g` on((`g`.`teamId` = `t`.`team_id`))) group by `g`.`group`,`t`.`team_name` order by `g`.`group` */;
/*!50001 SET character_set_client      = @saved_cs_client */;
/*!50001 SET character_set_results     = @saved_cs_results */;
/*!50001 SET collation_connection      = @saved_col_connection */;

--
-- Final view structure for view `vgwins`
--

/*!50001 DROP VIEW IF EXISTS `vgwins`*/;
/*!50001 SET @saved_cs_client          = @@character_set_client */;
/*!50001 SET @saved_cs_results         = @@character_set_results */;
/*!50001 SET @saved_col_connection     = @@collation_connection */;
/*!50001 SET character_set_client      = utf8mb4 */;
/*!50001 SET character_set_results     = utf8mb4 */;
/*!50001 SET collation_connection      = utf8mb4_0900_ai_ci */;
/*!50001 CREATE ALGORITHM=UNDEFINED */
/*!50013 DEFINER=`tommate`@`localhost` SQL SECURITY DEFINER */
/*!50001 VIEW `vgwins` AS select `g`.`group` AS `group`,`vps`.`team_winner` AS `team`,count(`vps`.`team_winner`) AS `GW`,(count(`vps`.`team_winner`) * 3) AS `PTS` from ((`vprestats` `vps` join `teams` `t` on((`t`.`team_name` = `vps`.`team_winner`))) join `groups` `g` on((`g`.`teamId` = `t`.`team_id`))) where (`vps`.`team_winner` <> '') group by `g`.`group`,`vps`.`team_winner` */;
/*!50001 SET character_set_client      = @saved_cs_client */;
/*!50001 SET character_set_results     = @saved_cs_results */;
/*!50001 SET collation_connection      = @saved_col_connection */;

--
-- Final view structure for view `vmatchesresults`
--

/*!50001 DROP VIEW IF EXISTS `vmatchesresults`*/;
/*!50001 SET @saved_cs_client          = @@character_set_client */;
/*!50001 SET @saved_cs_results         = @@character_set_results */;
/*!50001 SET @saved_col_connection     = @@collation_connection */;
/*!50001 SET character_set_client      = utf8mb4 */;
/*!50001 SET character_set_results     = utf8mb4 */;
/*!50001 SET collation_connection      = utf8mb4_0900_ai_ci */;
/*!50001 CREATE ALGORITHM=UNDEFINED */
/*!50013 DEFINER=`tommate`@`localhost` SQL SECURITY DEFINER */
/*!50001 VIEW `vmatchesresults` AS select distinct `m`.`matchNo` AS `match`,(case `m`.`phase` when 1 then 'group' when 2 then 'Round of 16' when 3 then 'Quarter Finals' when 4 then 'Semi Finals' when 5 then '3rd Place' when 6 then 'Final' else 'Not considered' end) AS `phase`,`m`.`date` AS `date`,`st`.`stadium` AS `stadium`,`lg`.`group` AS `lgroup`,`lt`.`team_name` AS `local_team`,`ls`.`goal` AS `lt_goal`,`vg`.`group` AS `vgroup`,`vt`.`team_name` AS `visitor_team`,`vs`.`goal` AS `vt_goal` from (((((((`matches` `m` join `scores` `ls` on((`m`.`matchId` = `ls`.`matchId`))) join `scores` `vs` on((`m`.`matchId` = `vs`.`matchId`))) join `teams` `lt` on(((`lt`.`team_id` = `m`.`localTeamId`) and (`lt`.`team_id` = `ls`.`teamId`)))) join `teams` `vt` on(((`vt`.`team_id` = `m`.`visitorTeamId`) and (`vt`.`team_id` = `vs`.`teamId`)))) join `stadiums` `st` on((`st`.`stadiumId` = `m`.`stadiumId`))) join `groups` `lg` on((`lg`.`teamId` = `lt`.`team_id`))) join `groups` `vg` on((`vg`.`teamId` = `vt`.`team_id`))) order by `m`.`date`,`m`.`matchNo` */;
/*!50001 SET character_set_client      = @saved_cs_client */;
/*!50001 SET character_set_results     = @saved_cs_results */;
/*!50001 SET collation_connection      = @saved_col_connection */;

--
-- Final view structure for view `vprestats`
--

/*!50001 DROP VIEW IF EXISTS `vprestats`*/;
/*!50001 SET @saved_cs_client          = @@character_set_client */;
/*!50001 SET @saved_cs_results         = @@character_set_results */;
/*!50001 SET @saved_col_connection     = @@collation_connection */;
/*!50001 SET character_set_client      = utf8mb4 */;
/*!50001 SET character_set_results     = utf8mb4 */;
/*!50001 SET collation_connection      = utf8mb4_0900_ai_ci */;
/*!50001 CREATE ALGORITHM=UNDEFINED */
/*!50013 DEFINER=`tommate`@`localhost` SQL SECURITY DEFINER */
/*!50001 VIEW `vprestats` AS select `vmatchesresults`.`phase` AS `phase`,`vmatchesresults`.`lgroup` AS `lgroup`,(case when (`vmatchesresults`.`lt_goal` < `vmatchesresults`.`vt_goal`) then `vmatchesresults`.`visitor_team` when (`vmatchesresults`.`lt_goal` > `vmatchesresults`.`vt_goal`) then `vmatchesresults`.`local_team` end) AS `team_winner`,(case when (`vmatchesresults`.`lt_goal` < `vmatchesresults`.`vt_goal`) then `vmatchesresults`.`local_team` when (`vmatchesresults`.`lt_goal` > `vmatchesresults`.`vt_goal`) then `vmatchesresults`.`visitor_team` end) AS `team_loser`,(case when (`vmatchesresults`.`lt_goal` = `vmatchesresults`.`vt_goal`) then `vmatchesresults`.`local_team` end) AS `empate`,(case when (`vmatchesresults`.`lt_goal` = `vmatchesresults`.`vt_goal`) then `vmatchesresults`.`visitor_team` end) AS `empate2` from `vmatchesresults` */;
/*!50001 SET character_set_client      = @saved_cs_client */;
/*!50001 SET character_set_results     = @saved_cs_results */;
/*!50001 SET collation_connection      = @saved_col_connection */;
/*!40103 SET TIME_ZONE=@OLD_TIME_ZONE */;

/*!40101 SET SQL_MODE=@OLD_SQL_MODE */;
/*!40014 SET FOREIGN_KEY_CHECKS=@OLD_FOREIGN_KEY_CHECKS */;
/*!40014 SET UNIQUE_CHECKS=@OLD_UNIQUE_CHECKS */;
/*!40101 SET CHARACTER_SET_CLIENT=@OLD_CHARACTER_SET_CLIENT */;
/*!40101 SET CHARACTER_SET_RESULTS=@OLD_CHARACTER_SET_RESULTS */;
/*!40101 SET COLLATION_CONNECTION=@OLD_COLLATION_CONNECTION */;
/*!40111 SET SQL_NOTES=@OLD_SQL_NOTES */;

-- Dump completed on 2022-12-04 18:05:00
